Date,Close,High,Low,Open,Volume
20/06/24,130.56480407714844,140.52837801062054,129.30688285479897,139.56996619369176,517768400
21/06/24,126.36174011230469,130.41506492589528,124.09547854511997,126.91083818337023,649445800
24/06/24,117.91564178466797,124.2551908621237,117.8457572795687,123.03719724453093,476060900
25/06/24,125.88251495361328,126.29184395373642,119.1236583558784,121.00056206941291,414192600
26/06/24,126.19200897216797,127.90917229563556,122.39825886605338,125.92244899462368,362975900
27/06/24,123.78596496582031,126.20198850103736,122.7177260189782,123.89578456364109,252571700
28/06/24,123.33671569824219,127.49985213027985,122.54801473015355,124.3750052910358,315516700
01/07/24,124.09546661376953,124.63457133754859,118.63446631453066,123.26683055595603,284885500
02/07/24,122.4681396484375,123.20692743216773,120.8308389451457,120.93067286767031,218374000
03/07/24,128.0689239501953,128.0689239501953,121.16031210370706,121.45982152361671,215749000
05/07/24,125.6229476928711,128.63798252741702,125.47319299554034,127.17039258704797,214176700
08/07/24,127.9890137,130.5547914439997,126.8309266857232,127.28018305804686,237677300
09/07/24,131.16384887695312,133.59983684764526,128.43832950463647,130.13554472708157,285366600
10/07/24,134.68801879882812,134.87770860466375,132.20211043348235,133.80946190177127,248978600
11/07/24,127.19036865234375,135.92596317348227,126.84094609019272,135.52662745493282,374782700
12/07/24,129.0273438,131.70292655352904,127.01066335258953,128.04894535138322,252680500
15/07/24,128.22865295410156,131.1737956487568,126.97072416574117,130.3451595951711,208326200
16/07/24,126.15208435058594,128.82766729187324,124.37501443079199,128.2286636887716,214769500
17/07/24,117.79584503173828,121.64949400158038,116.52793817127537,121.15031675281162,390086200
18/07/24,120.89073944091797,122.19858897958201,116.36819489836525,121.64949097287113,320979500
19/07/24,117.73595428466797,121.3999137142076,117.17687816504188,120.15197050658449,217223800
22/07/24,123.33671569824219,123.86584236392231,119.66277083791101,120.15196240961751,258068900
23/07/24,122.3882827758789,124.48483346113822,121.8990911705108,122.57797258109629,173911000
24/07/24,114.0620117,119.75262982559674,113.25334693957731,118.97391446537992,327776900
25/07/24,112.09524536132812,116.43808604158575,106.12508953993542,112.85399693651604,460067000
26/07/24,112.87394714355469,116.00877938122822,111.39638688236367,115.9988013,293399100
29/07/24,111.40637969970703,116.0886649396649,111.11686358531041,113.50293033164324,248152100
30/07/24,103.55931091308594,111.80571322284378,102.37126667488353,111.33648541055072,486833300
31/07/24,116.82743072509766,118.1452582531107,110.6975352036146,112.71421539482289,473174200
01/08/24,109.0302963256836,119.9622829008677,106.63424395188704,117.33660563582859,523462300
02/08/24,107.0934829711914,108.54110155423277,101.20319756374683,103.58926418951675,482027500
05/08/24,100.28470611572266,103.2398421,90.54077172,91.90851250035082,552842400
06/08/24,104.07846069335938,107.5327664843651,100.38455194570304,103.6691316762756,409012100
07/08/24,98.74723815917969,108.6209626457341,98.52759897070796,107.6325862976113,411440400
08/08/24,104.79727172851562,105.3263983879788,97.35952623,101.83215768316434,391910000
09/08/24,104.57762908935547,106.42458330646772,103.25980151433504,105.46616394434741,290844200
12/08/24,108.84060668945312,110.88723650727509,106.08515369153115,106.14505252549102,325559900
13/08/24,115.94889068603516,116.03874655153282,111.39639661656214,112.25498209343158,312646700
14/08/24,117.88570404052734,118.40484504167927,113.88230026594151,118.33496052966188,339246400
15/08/24,122.6578369140625,123.03720888953038,117.27670666159618,118.56458490618095,318086700
16/08/24,124.37500762939453,124.79431469874058,120.98060074622069,121.73935231230438,302589900
19/08/24,129.7860870361328,129.7860870361328,123.21691249503145,124.0754979878485,318333600
20/08/24,127.0406265258789,129.66630407463035,125.68286362124519,128.18872825562596,300087400
21/08/24,128.28854370117188,129.13715105648026,126.45157521398528,127.11048517418402,257883600
22/08/24,123.536377,130.5348437487765,122.89743071735391,129.80604926899383,376189100
23/08/24,129.15711975097656,129.38675225949072,125.01395457447234,125.65290085977209,323230300
26/08/24,126.25190734863281,131.04400430992783,124.16535012958609,129.35679802537265,331964700
27/08/24,128.08889770507812,128.98741074794592,123.67616460225028,124.84424526829238,303134600
28/08/24,125.40330505371094,128.11883041927797,122.4381910717034,127.90916927864866,448101100
29/08/24,117.39649963378906,124.22524823697073,116.51795043355128,121.16030028839229,453023300
30/08/24,119.173584,121.54966504357485,117.02712020356385,119.33331674975315,333751600
03/09/24,107.82227325439453,116.01876181647175,107.11344255720583,115.81909398681051,477155100
04/09/24,106.03523254394531,113.0836130103624,103.94867525541761,105.23655349888746,372470300
05/09/24,107.0335922241211,109.4695798052194,104.58762658147727,104.8172439,306850700
06/09/24,102.6607894897461,107.97203483673319,100.78387825686288,107.86221523834789,413638100
09/09/24,106.29480743408203,106.37467762407766,103.51938307487873,104.70741977949132,273912000
10/09/24,107.92211151123047,109.21997530676359,104.77729355808466,107.63258781478571,268283700
11/09/24,116.7176284790039,116.99716652085532,107.24323877137772,109.20999835891277,441422400
12/09/24,118.95413970947266,120.6015672152285,115.2000032170065,116.65772468720782,366052700
13/09/24,118.9141845703125,119.77284345041441,117.41652479583126,118.8942191250157,238358300
16/09/24,116.59781646728516,117.99563392468083,114.18159360974668,116.60780299971084,248772300
17/09/24,115.409668,118.61466685067687,114.65085910577872,117.98564481894722,231925900
18/09/24,113.1931381225586,117.51637724987856,113.04337060887723,115.70920340593533,310318900
19/09/24,117.68611145019531,119.47331975028854,117.06707598202318,117.16691844656921,293506400
20/09/24,115.81903839111328,118.43495389707196,115.2099893901744,116.87738233881377,382462400
23/09/24,116.0786361694336,116.8074931013555,114.68081865031189,116.36818468262608,206228500
24/09/24,120.68143463134766,121.60998405209612,115.19999404233639,116.33821493002908,354966800
25/09/24,123.31730651855469,124.74507579152808,121.42026930294443,121.82962567540989,284692900
26/09/24,123.84648132324219,127.47081527785902,121.6099781665842,126.60217747362803,302582900
27/09/24,121.21060943603516,123.83650371853182,119.07394858799772,123.7765997601264,271009200
30/09/24,121.25054931640625,121.31045327548797,117.96568098439478,118.1254274144435,226553700
01/10/24,116.81746673583984,122.24898215671047,115.60935538711523,121.58002164337385,302094500
02/10/24,118.66458129882812,119.19375323018366,114.96037016184738,116.25834508658102,221845900
03/10/24,122.65834045410156,124.16598683922703,120.15225416683853,120.73135113827638,277118000
04/10/24,124.72511291503906,124.84492844767553,121.63993722019764,124.7450859792245,243678100
07/10/24,127.52073669433594,130.43617917860723,124.75505409102715,124.7949925984476,346250200
08/10/24,132.6826629638672,133.27173878303944,129.21807567689768,130.0567614433445,285722500
09/10/24,132.4430389404297,134.31013180466115,131.17503131034326,133.9007678130665,246191600
10/10/24,134.59967041015625,134.78937641455914,130.79561711338704,131.70420101079952,242311300
11/10/24,134.58970642089844,135.5681732923908,133.4514855032485,133.80093033986074,170209500
14/10/24,137.85459899902344,139.3822107684187,136.0873561782587,136.2570891265267,232347700
15/10/24,131.39471435546875,138.35384259997033,128.53917525345673,137.65492238931424,377831000
16/10/24,135.50827026367188,136.40686011825153,131.37472950963348,133.77097927850218,264879700
17/10/24,136.71636962890625,140.6701983777905,136.65646567187503,139.12261346955344,306435900
18/10/24,137.7847137451172,138.6833036103306,137.06583575895257,138.45366668655112,176090200
21/10/24,143.48580932617188,143.48580932617188,137.78471061125512,137.91451267760561,264554500
22/10/24,143.3659668,144.19467365659466,141.55879320187643,142.6870350476968,226311600
23/10/24,139.3422852,142.20780310560568,137.2455702792771,141.80843319617813,285930000
24/10/24,140.1909637451172,141.1294997806309,138.24400879643727,140.6003278006047,172354900
25/10/24,141.31919860839844,143.90516992810382,140.58036271847078,140.7101495657632,205122100
28/10/24,140.30075073242188,142.91665786792092,139.83148285521668,142.77687691949686,173586700
29/10/24,141.02964782714844,142.03806672701694,138.6833077693045,140.0711387385227,157593600
30/10/24,139.1226348876953,140.11109603583748,136.5965827440961,139.32231985353584,179418100
31/10/24,132.55287170410156,137.39531116933003,131.90389188236236,137.38533225522045,270039600
01/11/24,135.18875122070312,137.09577501351765,134.36005954202903,134.48984636430032,207127800
04/11/24,135.83775329589844,138.74321710094807,135.3585064031532,136.9959472521015,187528200
05/11/24,139.69174194335938,140.15101580482042,137.11576495412646,137.2355728771189,160537400
06/11/24,145.3828125,146.26144435454805,141.73851350917226,142.7369532584381,242043900
07/11/24,148.6477508544922,148.69766066609404,145.9419717733186,146.1616297903136,207323300
08/11/24,147.39967346191406,149.53633403774526,146.03180056765603,148.5378942315628,175665800
11/11/24,145.0333709716797,148.6177817068004,143.3460203778287,148.44803352101476,182325600
12/11/24,148.0586395263672,149.41651833977537,145.78219787373922,146.55100082856893,198634700
13/11/24,146.0417938232422,149.0970171738845,145.67236073742527,148.83742831045777,191903300
14/11/24,146.53103637695312,148.7675472701728,145.32293261192063,147.40966837696516,194463300
15/11/24,141.75848388671875,145.0134075079149,139.86145428913719,144.6439744081883,250132900
18/11/24,139.9313507080078,141.3291757571169,136.93603090489682,139.28237084466085,221205300
19/11/24,146.7806396484375,146.90046279249913,140.77004260660007,141.09952959154865,227834900
20/11/24,145.6623992919922,147.32979212988033,142.50732548898966,147.18003223590216,309871700
21/11/24,146.44117736816406,152.65147472524168,140.4804899844899,149.11700420524105,400946600
22/11/24,141.7285156,146.93039328493344,140.8798510014857,145.70230145652508,236406200
25/11/24,135.80780029296875,141.82839170792872,135.60811535874635,141.76848775116036,344941900
26/11/24,136.70640563964844,139.08269776121745,135.45835561529256,137.48518763604767,190287700
27/11/24,135.1288604736328,137.00593247284488,131.59438972010054,134.7993734587721,226370900
29/11/24,138.03433227539062,139.13262238748922,135.8377673,136.56662423239774,141863200
02/12/24,138.41372680664062,140.23087948399635,137.60499293345052,138.6134117376161,171682800
03/12/24,140.0411834716797,140.32074544201365,137.73478959893222,138.04430354930304,164414000
04/12/24,144.9135742,145.56255409442886,140.07113435104438,141.77847337465352,231224300
05/12/24,144.8436737060547,146.32146235801875,143.73532840807314,144.89360218968224,172621200
06/12/24,142.2275848388672,145.4827177885172,141.09926510716357,144.38436733563313,188505600
09/12/24,138.6029815673828,139.74128080496888,136.92549436926976,138.76274660606958,189308600
10/12/24,134.8685760498047,141.60850970621567,133.5904709096604,138.80268748950093,210020900
11/12/24,139.1022491455078,139.96096726526153,135.00837248215075,137.1551602,184905200
12/12/24,137.13519287109375,138.2335586289744,135.59749604609573,136.8755860719742,159211400
13/12/24,134.0498047,139.3918327936691,132.34234795745746,138.73281333743972,231514900
16/12/24,131.80311584472656,134.19953003840055,130.22547066007974,133.97985695977695,237951100
17/12/24,130.19552612304688,131.39373330729236,126.67079224440896,128.897462,259410300
18/12/24,128.71775817871094,136.49613412730267,128.08869283192976,133.6603731199009,277444500
19/12/24,130.48509216308594,133.8301019554315,129.35678784338916,131.56348324328064,209719200
20/12/24,134.49911499023438,135.07825184796977,128.02878306565836,129.61640819653473,306528600
23/12/24,139.46168518066406,139.58150132927014,134.9184683016336,136.0767418582626,176053500
24/12/24,140.01087951660156,141.68836668012935,138.44321367436993,139.7912064019445,105157000
26/12/24,139.72132873535156,140.6399702368576,137.52461242783102,139.4916759779926,116205600
27/12/24,136.8056641,138.81267619141968,134.50910636621433,138.34337590905767,170582600
30/12/24,137.2849578857422,140.06081067569033,133.82013169900247,134.6289213,167734700
31/12/24,134.08973693847656,137.8641141320975,133.63043143330796,137.82416524884428,155659200
02/01/25,138.1037139892578,138.67287117142274,134.42920986844504,135.7971616952867,198247200
03/01/25,144.25453186035156,144.68388322481542,139.52159583450282,139.80117701044009,229322500
06/01/25,149.2071533203125,151.93309314343088,147.5995689,148.36840963752263,265377400
07/01/25,139.93099975585938,152.9016324332477,139.80118875754107,152.80177547515166,351782200
08/01/25,139.90106201171875,143.73533196712347,137.3548616440079,142.36737985085435,227349900
10/01/25,135.7073211669922,139.71133557177419,134.0198390250661,137.24501786219508,207602500
13/01/25,133.0313262939453,133.29094833912805,129.31687225149923,129.7961674567433,204808900
14/01/25,131.56349182128906,136.1766120600162,129.85605059334506,135.84710238324766,195590500
15/01/25,136.03683471679688,136.2465130176968,131.09420431967888,133.45068552943664,185217300
16/01/25,133.37081909179688,138.5430870275282,133.2909365646461,138.43325045720013,209235600
17/01/25,137.5046387,138.29345383465838,135.25799411499426,136.4861555399997,201188800
21/01/25,140.61997985839844,141.6184885428412,136.88555189361048,138.95247218370304,197749000
22/01/25,146.8507080078125,147.5696203828536,143.4557686808276,144.44429795506818,237651400
23/01/25,147.00045776367188,147.0104373660888,143.50567717742842,144.83369562852502,155915500
24/01/25,142.4073028564453,148.74783905952535,141.66841618539428,148.14872775799392,234657600
27/01/25,118.24339294433594,128.20850504229963,116.52595684106743,124.6138830305536,818830900
28/01/25,128.79763793945312,128.8076175411123,116.0766320864675,121.62833781559046,579666400
29/01/25,123.51553344726562,126.70077890376498,119.87098248262683,126.31136108771855,467120600
30/01/25,124.4641113,124.81358785050304,117.92387627755191,122.91641979157204,392925500
31/01/25,119.89094543457031,127.65934229890306,119.01226047612725,123.59541198682592,388161100
03/02/25,116.48603820800781,118.39318602096668,112.84147962875147,114.57888277703151,371235700
04/02/25,118.47306060791016,121.01925326141507,116.52596404203554,116.78557844108887,256550000
05/02/25,124.64384460449219,124.8135892575584,120.57991444298676,121.57842315704723,262230800
06/02/25,128.48809814453125,128.5779755110731,125.02327919443763,127.22998260932282,251483600
07/02/25,129.64634704589844,130.17555536084487,124.81356929927793,129.02727661770408,228186300
10/02/25,133.37081909179688,134.79867927002743,129.76620194780145,129.89599772289156,216989100
11/02/25,132.60195922851562,134.27944654160947,130.82461495038982,132.38228609427233,178902400
12/02/25,130.94444274902344,132.04280851778788,128.8875170693692,129.8261178,160278600
13/02/25,135.08822631835938,136.29642846871295,130.97437562399168,131.36379338160384,197430000
14/02/25,138.64292907714844,139.04232643389201,135.29791907929888,136.27645326854343,195479600
18/02/25,139.1920928955078,143.2260761760307,137.7242840330443,141.0593143400208,219176600
19/02/25,139.02236938476562,141.14919790373787,137.01537227663152,139.30195061666387,167536000
20/02/25,139.90106201171875,140.45024487315197,136.5860056380014,139.8211794831435,143903600
21/02/25,134.22952270507812,141.24905316966826,133.83012530319377,139.83115735009994,228217600
24/02/25,130.0857391357422,138.38334571199945,129.88604040162528,136.35637385044112,251381100
25/02/25,126.44115447998047,130.00583024952502,124.25442559786755,129.78615711570163,271428700
26/02/25,131.08421325683594,133.53055638167015,128.29838085048883,129.79614381296275,322553800
27/02/25,119.9708251953125,134.80865788512716,119.83103458283094,134.7986782828192,443175800
28/02/25,124.73371124267578,124.90345590188022,116.22642004317107,117.8439993429124,389091100
03/03/25,113.88990020751953,123.51552349340123,112.11255593535711,123.32581202011416,411381400
04/03/25,115.81702423095703,119.13207287466713,109.9457957033308,110.48499132597254,398163300
05/03/25,117.12506866455078,118.10360288358513,114.33922859376143,117.40464986998916,284337900
06/03/25,110.40510559082031,115.17797591196373,110.05562907278994,113.3606904001891,321181900
07/03/25,112.52195739746094,113.31078025161912,107.3996024558792,111.0841023095759,341755500
10/03/25,106.8204574584961,111.6831896506324,105.30272006245755,109.73610085349598,366487400
11/03/25,108.59780883789062,112.0726148635708,104.6137536218378,106.83044416478043,354865700
12/03/25,115.57803344726562,116.59661034457649,112.72203506897391,113.96030532134075,323857500
13/03/25,115.41825103759766,117.59520049683546,113.63075517539951,116.86621875800482,299033100
14/03/25,121.49972534179688,121.70943054003341,117.98465480860956,118.44401014075397,277593500
17/03/25,119.36271667480469,122.71801496792263,117.86481592318836,122.56822336901756,255501500
18/03/25,115.26846313476562,118.85343549406599,114.37970924440411,117.83486627342975,299686900
19/03/25,117.35552978515625,120.2814296141779,115.51810848491796,117.10587965509883,273426200
20/03/25,118.36412048339844,120.03178155242583,116.30700581426807,116.3868956857552,248829700
21/03/25,117.5352783203125,117.82487338576216,115.25847035053427,116.77634740953133,266498500
24/03/25,121.24009704589844,122.04896105750126,119.17298658297102,119.71223179694545,228452500
25/03/25,120.5210952758789,121.12025404464302,118.75356814650013,120.38129181712452,167447200
26/03/25,113.60079956054688,118.6736845133834,112.55226594608844,118.5638454632065,293463300
27/03/25,111.27405548095703,114.28982567832341,110.50513643809545,111.19416561141583,236902100
28/03/25,109.51651763916016,112.71204388720727,108.9173588485005,111.33397028810096,229872500
31/03/25,108.22832489013672,110.80471613819729,103.50494855407659,104.98287310192077,299212700
01/04/25,109.99585723876953,110.04578269736857,106.32100673854832,108.36813339033893,222614000
02/04/25,110.26546478271484,111.82328673498283,106.64054773013802,107.1398479774266,220601200
03/04/25,101.65753936767578,105.48217369637304,101.45781468579652,103.36514539947606,338769400
04/04/25,94.17801666259766,99.98987163475934,91.98109847139008,98.77158535,532273800
07/04/25,97.50334930419922,101.60759784636036,86.49877547,87.33759621246332,611041300
08/04/25,96.16523742675781,105.70186824827938,94.32780843,103.66472218207363,476243400
09/04/25,114.17000579833984,114.9389248904037,97.39351305704149,98.75161045127601,612918300
10/04/25,107.4194564819336,110.70485307181585,99.01124202201945,109.21694044618194,437812400
11/04/25,110.77476501464844,111.39390013023589,107.32959598741144,108.34816524857224,313417300
14/04/25,110.55506896972656,114.13006086401796,108.91736463288024,113.95031245540225,264705000
15/04/25,112.04297637939453,113.46099492172469,110.3453585264742,110.81470199440513,228966900
16/04/25,104.3437728881836,106.64055727885454,100.30942561460589,104.40369410395131,397016900
17/04/25,101.34796142578125,104.3237942331935,99.90998190333623,104.30381795694564,292517500
21/04/25,96.77438354492188,99.30084173,94.90699776234818,98.63177356997639,288501100
22/04/25,98.75159454345703,99.67030509782194,97.14384726396014,98.64174788818333,241004800
23/04/25,102.5662612915039,104.6533403969428,101.87722447592722,104.37372584399631,247526000
24/04/25,106.28105163574219,106.39089830035945,102.96569827687256,103.33518320501399,220815000
25/04/25,110.85465240478516,111.76337496991529,105.58204256681438,106.70047033928225,251064700
28/04/25,108.57784271240234,110.21554702841466,105.8716284785824,109.53649833991803,207708500
29/04/25,108.8674316,110.04578062718967,107.2896485179105,107.51932238432487,170444300
30/04/25,108.76756286621094,108.76756286621094,103.93434018163836,104.32379376082015,235044600
01/05/25,111.45380401611328,114.7791455573913,111.14424029465428,112.92174799120272,236121500
02/05/25,114.33976745605469,115.23850951002053,113.21135153306962,114.02021557227994,190194800
05/05/25,113.66072082519531,114.50952981770942,112.50234808238875,112.75199823422925,133163200
06/05/25,113.38111114501953,114.57942879752297,110.66491633937942,111.32399638135878,158525600
07/05/25,116.89617919921875,117.51531428959993,112.12286973799952,112.89179643623137,206758800
08/05/25,117.20575714111328,118.51392151118237,115.68787993703612,118.08452294119296,198428100
09/05/25,116.48676300048828,118.06455379711826,115.0487756801452,117.1857803819228,132972200
12/05/25,122.82787322998047,122.82787322998047,120.11167839159091,121.79931583574867,225023300
13/05/25,129.74815368652344,131.0363568449821,124.29580357204036,124.80509195257008,330430100
14/05/25,135.15060424804688,135.2504704050171,131.4957223220182,133.01359953083553,281180800
15/05/25,134.6413116455078,136.1092556474961,132.47435031815246,134.10205882491402,226632600
16/05/25,135.21051025390625,136.15919297953724,133.27323795943153,136.02937003025397,226542500
19/05/25,135.38027954101562,135.67984750647184,132.20472197026768,132.20472197026768,193154600
20/05/25,134.1919403076172,134.39165736048994,132.4343936724944,134.10205468200522,161514200
21/05/25,131.6155548095703,137.2077087161811,130.40724144628157,132.87378601013486,270608700
22/05/25,132.64410400390625,134.0621148614722,131.3658966044825,132.0449376190489,187344000
23/05/25,131.10626220703125,132.49431639064062,128.97925335315108,129.81807417545411,198821300
27/05/25,135.31036376953125,135.47014350181522,133.1234263008756,133.96224703921547,192953600
28/05/25,134.62132263183594,137.0579101389624,134.60134635659116,135.83961638539918,304021100
29/05/25,138.99520874023438,143.28919402135628,137.71700129433316,142.0509238917618,369241900
30/05/25,134.94090270996094,139.42460961066672,132.73398869983464,138.5258751739265,333170900
02/06/25,137.1877441,137.9266987725352,135.21050414256473,135.30038976970178,197663100
03/06/25,141.02236938476562,141.8012766,137.75694135463795,138.5857816307834,225578800
04/06/25,141.7213897705078,142.19073325311263,139.34471555965237,141.99101618842522,167120800
05/06/25,139.79409790039062,143.79848066110154,138.63571759363617,141.97103980754113,231397900
06/06/25,141.52166748046875,143.0695013401578,141.31195466595716,142.31055518995854,153986200
09/06/25,142.4304199,144.7970986584505,141.74138301440692,142.98963386491081,185114500
10/06/25,143.7585449,144.0880697,141.33193761060437,142.49031793007975,155881900
11/06/25,142.6400146484375,144.79714515361243,141.6812848999734,144.41764573923192,167694000
12/06/25,144.8071289,144.8071289,141.6613249598906,141.78116046611606,162365000
13/06/25,141.78115844726562,143.38901749969733,140.6626531024409,142.2904745799642,180820600
16/06/25,144.49752807617188,145.98553624599697,143.0095046678558,143.15931427294294,183133700
17/06/25,143.92828369140625,145.0268265438421,143.58873962374116,144.2978018718573,139108000
18/06/25,145.28648376464844,145.4562558084884,142.92962233744194,143.81843788371728,161494100
20/06/25,143.6586456298828,146.00551033389334,142.46022977248353,145.25650804226413,242956200
23/06/25,143.9782257080078,144.58741490600102,141.84107290887454,142.31044894200824,154308900
24/06/25,147.70326232910156,147.76319531946535,145.3064608232896,145.36637857516104,187566100
25/06/25,154.10475158691406,154.24456476496755,149.06146548674553,149.0714619384952,269146500
26/06/25,154.8137969970703,156.5115326130379,153.7951495,155.77251147358507,198145700
27/06/25,157.5401611328125,158.49889084686143,155.05346784206984,155.83242906789442,263234500
30/06/25,157.7798614501953,158.4489684480595,155.7525627920192,158.1893045239527,194580300
01/07/25,153.0961151123047,156.9909220439906,151.2885248378942,156.08212868043222,213143600
02/07/25,157.04083251953125,157.39037305932783,152.7665268185242,152.77650803107835,171224100
03/07/25,159.12806701660156,160.7658851337161,157.56016311083363,158.1593559409033,143716100
07/07/25,158.02952575683594,159.09809459400483,157.1307137305003,157.98957042846925,140139000
08/07/25,159.78717041015625,160.00687898854957,158.17931139836438,159.11806346268276,138133000
09/07/25,162.66336059570312,164.20130555952733,160.94564712320184,161.0055648799297,183656400
10/07/25,163.88174438476562,164.28120626813552,161.39505073108006,164.10145299216728,167704100
11/07/25,164.7006378173828,167.66668863474402,163.25256951238498,163.50223698698784,193633300
14/07/25,163.85177612304688,165.2698855378492,161.80449980139463,165.15003478890583,136975800
15/07/25,170.47293090820312,172.17066651150088,168.97492621614776,170.96228459346491,230627400
16/07/25,171.14205932617188,171.52155877211666,168.67534340451815,170.83247408910898,158831500
17/07/25,172.7698974609375,173.92835823409905,170.60278554683865,171.79120519874627,160841100
18/07/25,172.18067932128906,174.01822826089457,171.03219980516573,173.40903901870553,146456400
21/07/25,171.1520538330078,173.1493936504508,170.77255439137573,172.52022673163836,123126100
22/07/25,166.80783081054688,171.1620321483939,164.3610926233022,171.1120956061046,193114300
23/07/25,170.55284118652344,171.03219846298632,167.74658125695927,169.30450383433347,154082200
24/07/25,173.5089111328125,173.59878776513457,171.07215417768242,172.21063723590794,128984600
25/07/25,173.26922607421875,174.4876045602178,172.72995103806022,173.37908037175941,122316800
28/07/25,176.51490783691406,176.7645753161742,173.73860668662087,173.78854323017163,140023500
29/07/25,175.2765350341797,179.14139760883538,174.7871965738649,177.72328828972238,154077500
30/07/25,179.03155517578125,179.65072563032518,175.80584046425426,176.27521653092245,174312200
31/07/25,177.63340759277344,183.05619299307685,175.69598557745124,182.65671589592668,221685400
01/08/25,173.4889373779297,176.3051785902702,170.66269971388826,173.85844036702034,204529000
04/08/25,179.7605743408203,179.96030526461158,174.28786778877773,174.9270158880054,148174600
05/08/25,178.0229034423828,180.02024338323596,175.66604170263633,179.38109521170273,156407600
06/08/25,179.18133544921875,179.66069269115442,176.01555398070957,176.09544939411415,137192300
07/08/25,180.52957153320312,183.6354356942093,178.5621905082108,181.32851054269395,151878400
08/08/25,182.4569854736328,183.05619350177665,180.16004168373897,181.30852119793246,123396700
11/08/25,181.81784057617188,183.59547178906817,180.01025048518693,181.80785936297346,138323200
12/08/25,182.9163818359375,184.2346182,179.22130626788388,182.7166509044063,145485700
13/08/25,181.34848022460938,183.72531968234077,179.1114691947396,182.37710909748589,179871700
14/08/25,181.77789306640625,182.7765629312542,179.22130065055427,179.51090820642335,129554000
15/08/25,180.20997619628906,181.6580445,177.8031781362909,181.6380820439347,156602200
18/08/25,181.76788330078125,182.69665413107447,180.34977402519155,180.3597704757432,132008000
19/08/25,175.4063720703125,182.25724785967336,175.25657768801665,182.1873336556069,185229200
20/08/25,175.1667022705078,175.76591033294957,168.57548977611862,174.93701244991922,215142700
21/08/25,174.74725341796875,176.6646977817985,173.57881147306438,174.61743669419707,140040900
22/08/25,177.7532501220703,178.35244288234992,170.97227338198675,172.38040151215634,172789400
25/08/25,179.57083129882812,181.6680441727565,176.33515059315872,178.11278178635797,163012800
26/08/25,181.52822875976562,182.14739921043056,178.57215920342722,179.82049655621498,168688200
27/08/25,181.35845947265625,182.24727507184866,178.86178472902657,181.7379436715125,235518900
28/08/25,179.93035888671875,184.22464261974775,176.17536544772958,180.57950348224864,281787800
29/08/25,173.9483184814453,177.91303926310266,172.91968968806756,177.87309917143955,243257900
02/09/25,170.55284118652344,172.15071909272382,166.99757884564528,169.77387989783634,231164900
03/09/25,170.3930664,172.18069419661035,168.65539040087648,170.83248363379096,164424900
04/09/25,171.4316864013672,171.6314173426514,169.18467902530818,170.34313981864827,141670100
05/09/25,166.7978516,168.80517258283567,163.8517783946414,167.8065026792569,224441400
08/09/25,168.0861358642578,170.73262035939155,167.12742125141602,167.32715219255022,163769100
09/09/25,170.53286743164062,170.75257602974241,166.51822538667548,168.86509051949957,157548400
10/09/25,177.09413146972656,179.05151589898875,175.2366048852674,176.4050468150653,226852000
11/09/25,176.94432067871094,180.0503598,176.2551971559751,179.4511179779685,151159300
12/09/25,177.59349060058594,178.37249577533527,176.22522541777622,177.5435512454145,124911000
15/09/25,177.52357482910156,178.62217970015598,174.28769658655634,175.44622258887705,147061600
16/09/25,174.65724182128906,177.27389957504343,174.15787872389456,176.77453647764895,140737800
17/09/25,170.07308959960938,172.97938669910795,168.1954945771254,172.4201024269062,211843800
18/09/25,176.01551818847656,176.87442336525442,172.73969733735942,173.7583871307785,191763300
19/09/25,176.4449462890625,177.8531538116004,174.95683884616588,175.54609885389235,237182100
22/09/25,183.37612915039062,184.31493427279133,174.48747153493287,175.07671637070237,269637000
23/09/25,178.2027130126953,182.18763613663097,175.9855548133895,181.73821238324945,192559600
24/09/25,176.74456787109375,179.5509859124944,175.17656050171237,179.54100413716742,143564100
25/09/25,177.4636688232422,180.03038734713982,172.90947958662534,174.2577508730865,191586700
26/09/25,177.96302795410156,179.54101721374016,174.70717071687335,177.94304916264082,148573700
29/09/25,181.61837768554688,183.7656330630971,180.09032771672483,180.20017297627672,193063500
30/09/25,186.3423309326172,187.11135435179565,181.2488213615314,181.8480632,236981000
01/10/25,187.0015106201172,187.9003581593927,183.6657533,185.00405809785752,173844900
02/10/25,188.64939880371094,190.80665113886596,187.82045419605362,189.35850113919957,136805800
03/10/25,187.38099670410156,190.11751186051177,185.1438598655547,188.94900408551683,137596900
06/10/25,185.30364990234375,186.9914995955013,183.09647356463947,185.2637075602064,157678100
07/10/25,184.80429077148438,188.8191743935438,183.76562222076905,185.99277739696944,140088000
08/10/25,188.86911010742188,189.35849142592937,186.30237648821537,186.33235229407293,130168900
09/10/25,192.324707,195.05122522476873,190.8166208,191.9851285494953,182997200
10/10/25,182.92669677734375,195.37081685366852,181.81811007166195,193.26350393527704,268774400
13/10/25,188.0801239013672,189.8678370807686,185.72312947730666,187.73056363822363,153482800
14/10/25,179.80067443847656,184.56460262310264,179.47109296765566,184.5346420566055,205641400
15/10/25,179.60093688964844,184.63451030281777,177.06416377208902,184.56460739230218,214450500
16/10/25,181.5784149169922,183.0465437061986,179.5410200965125,181.99787810828644,179723300
17/10/25,182.9866180419922,183.86550198639478,179.52103686227596,179.9504818191574,173135200
20/10/25,182.40736389160156,184.96410068415813,181.49851933568945,182.89674524617425,128544700
21/10/25,180.9292449951172,182.55715836486127,179.5709767314294,182.55715836486127,124240200
22/10/25,180.05035400390625,183.20633238125785,176.53483359319367,180.9092591258601,162249600
23/10/25,181.92796325683594,182.7968501503985,179.5609718650331,180.19017423035882,111363700
24/10/25,186.02272033691406,187.23118563906056,183.26624175096782,183.60580497197222,131296700
27/10/25,191.24607849121094,191.75542334831323,188.18996363054165,189.74798924630224,153452700
28/10/25,200.77394104003906,202.89123585796654,191.66556232510956,192.80410966447576,297986200
29/10/25,206.77627563476562,211.9197249544373,204.51915980095313,207.7150807,308829600
30/10/25,202.63156127929688,205.89740027142088,201.1534507471854,204.88867704045037,178864400
31/10/25,202.23207092285156,207.70508615602077,201.81260775338424,206.18701808603035,179802200
03/11/25,206.61647033691406,211.07078042213968,205.29814450690722,207.81493866642379,180267300
04/11/25,198.43690490722656,203.71017785907821,197.67786326579136,202.7414122562426,188919300
05/11/25,194.9613494873047,202.66152000582164,194.40205001057666,198.51681234435117,171350300
06/11/25,187.84043884277344,197.3682807609907,186.14260723026618,196.16981228388872,223029800
07/11/25,187.9103240966797,188.08012095739036,178.68210397488247,184.66446402160466,264942300
10/11/25,198.7964630126953,199.68532876518447,193.5431531870904,194.8614791513322,198897100
11/11/25,192.91395568847656,195.17107140540628,191.05632435423007,194.91140808059743,176483300
12/11/25,193.55313110351562,195.64046510157328,190.8865341091802,195.47068348463264,154935300
13/11/25,186.62197875976562,191.1961465947379,183.61581837719615,190.8066439854392,207423100
14/11/25,189.92774963378906,190.76667594021126,180.34996953708986,182.62706393415107,186591900
17/11/25,186.36231994628906,188.75925679396335,184.08522536919267,185.73311754704963,173628900
18/11/25,181.1289825439453,184.5646030780414,179.42115405263684,183.14641371605563,213598900
19/11/25,186.28240966796875,187.62069907956393,182.5971076589588,184.5546024199349,247246400
20/11/25,180.40989685058594,195.7503316108911,179.62090987236718,195.70039225393623,343504800
21/11/25,178.65213012695312,184.32488707538113,172.70969762442783,181.00912433889104,346926200
24/11/25,182.3174591064453,183.26624588741998,176.25518414830518,179.26135956972516,256618300
25/11/25,177.59349060058594,177.93305383278917,169.33402110596253,174.68719385821646,320600300
26/11/25,180.03036499023438,182.67699835309762,178.01294919921247,181.39863013804072,183852000
28/11/25,176.7745361328125,179.0616124091028,176.27517303639212,178.7819702942556,121332800
01/12/25,179.69082641601562,180.07034727044882,173.45876908321011,174.53739527000454,188131000
02/12/25,181.22886657714844,185.4235136530611,179.7707195907086,181.52847225165078,182632200
03/12/25,179.36123657226562,182.21759414523953,178.88185225801445,180.8493441127912,165138000
04/12/25,183.15660095214844,184.29521152983364,179.7407692190929,181.39873533031871,167364900
05/12/25,182.1877899169922,184.43504894381925,180.6896172324408,183.66598269849337,143971100
08/12/25,185.3239746,187.7709870845105,182.17780264974235,182.41751577930148,204378100
09/12/25,184.7446746826172,185.4937610485011,183.09669077375298,185.33395229946427,144719700
10/12/25,183.55612182617188,185.2540478736652,181.8182359713298,184.74467463147755,162785400
11/12/25,180.70957946777344,181.09911899111663,176.40483245042134,180.0603774,182136600
12/12/25,174.80679321289062,182.59729422559735,174.40727135263347,180.88937065842447,204274900
15/12/25,176.07522583007812,178.20263580820242,174.81676632707214,177.72322484137152,164775600
16/12/25,177.5034942626953,178.27256047932946,174.6869224,176.04526619844617,148588100
17/12/25,170.73175048828125,175.91543007880585,170.10251312474713,175.88546784627562,222775500
18/12/25,173.9278564453125,175.93540231223645,171.6106906687844,174.3173807251694,176096000
19/12/25,180.7695313,181.22896236326454,176.12518653595592,176.4547863729682,324925900
22/12/25,183.4662322998047,183.935661,182.1278683380167,183.6959478478248,129064400
23/12/25,188.97952270507812,189.09937165158402,182.67719635774475,182.74711840334103,174873600
24/12/25,188.38023376464844,188.6798713,186.36269028434322,187.71105179508496,65528500
26/12/25,190.2978973388672,192.45526970950266,187.7709805748158,189.68863982420257,139740300
29/12/25,187.99070739746094,188.53004285167208,185.68352392965699,187.4813341773615,120006100
30/12/25,187.31153869628906,188.75978454971104,186.70228116711607,188.01069817319677,97687300
31/12/25,186.27279663085938,190.32784810299728,186.26281429981768,189.33906392286715,120100500
02/01/26,188.6199493408203,192.69496568024334,188.03065649528438,189.60873357074172,148240500
05/01/26,187.89083862304688,193.39413642527967,185.9232371396652,191.52640398377517,183529700
06/01/26,187.0119171142578,191.9359043,186.5924305704924,190.2879203285983,176862600
07/01/26,188.87962341308594,191.13686475404677,186.3327268208183,188.34028795646717,153543200
08/01/26,184.8145751953125,189.31909080925226,183.4862088297309,188.87962438445808,172457000
09/01/26,184.63479614257812,186.1129888751533,183.44624341374129,184.8545293482555,131327500
12/01/26,184.71470642089844,186.89204340473577,182.79704721562317,182.99680052530172,137968500
13/01/26,185.58364868164062,187.88084992986475,183.17658082293008,184.7746378408776,160128900
14/01/26,182.91690063476562,184.2352999433054,180.57975484984624,184.0954710990846,159586100
15/01/26,186.82212829589844,189.46889382188115,186.10300422087673,186.2727952885624,206188600
16/01/26,186.0031280517578,190.20800608356458,185.85331687968656,188.84966224271636,187967200
20/01/26,177.85308837890625,182.15783564218773,177.39364202987932,181.67840938923754,223345300
21/01/26,183.09669494628906,185.15418310637224,178.18267486272933,178.8318922054109,200381000
22/01/26,184.6148223876953,185.94320399708803,183.70592730123704,184.52493568425237,139636600
23/01/26,187.44137573242188,189.3690325020707,186.59242035942677,187.27158465782284,142748100
26/01/26,186.2428436279297,188.88960930416175,185.76343263076708,186.93200550896393,124799600
27/01/26,188.29034423828125,189.76853699604698,185.47377232125424,187.01190478720812,143711600
28/01/26,191.28668212890625,192.1156727976695,189.60872088942648,191.0369866951896,148552700
29/01/26,192.27548217773438,193.2443018,185.83334250366076,191.10690928022157,171764400
30/01/26,190.8971710205078,194.25307849059112,189.23918956869622,190.97707539362895,179489500
02/02/26,185.38388061523438,190.06816944570554,184.65477420739685,186.97193993484487,165794100
03/02/26,180.12030029296875,186.04308409913696,176.01530661894333,186.01312186532803,204019600
04/02/26,173.97781372070312,179.36124730830178,171.70059231104517,179.2413984,207014100
05/02/26,171.67062377929688,176.60460839935587,170.8216531377948,174.7168961324724,206312900
06/02/26,185.18414306640625,186.77220252110314,174.38731390455436,176.4747642750831,231346200
09/02/26,189.80848693847656,193.42408742490235,183.7259094221984,184.03552934237337,196387400
10/02/26,188.31031799316406,192.24552080983682,187.89083145679504,191.1468699498802,136764800
11/02/26,189.81849670410156,193.02457795983298,188.54005713468442,192.21556708670826,144192700
12/02/26,186.7122802734375,193.3741533411549,186.28279615580217,192.79485804306626,189932500
13/02/26,182.58729553222656,187.27158453858374,181.36878053627944,187.25160463564347,161888000
17/02/26,184.7446746826172,186.92201173748992,178.9617194034806,181.5285959992061,162276900
18/02/26,187.75099182128906,190.13807962880853,186.53247684939709,188.52005804720127,164749100
19/02/26,187.6710968017578,188.20044994409497,185.43383529156333,186.8321237354349,126554500
20/02/26,189.58877563476562,190.09814888521723,185.71349722992974,186.3427347,178422300
23/02/26,191.3166504,193.71372053376285,189.34904909171755,191.1668239815537,171584800
24/02/26,192.61508178710938,193.53395924081437,187.1717086,191.2567378902843,175123600
25/02/26,195.32176208496094,197.38924768090467,193.5539140704845,194.2131137016724,250637100
26/02/26,184.66476440429688,194.0533071271398,184.09546670933034,194.03334246429932,360807900
27/02/26,176.97415161132812,182.36756729714082,176.1651407824763,181.0292033274304,311636500
02/03/26,182.25770568847656,183.2365228635074,174.42725972943845,174.79680413295333,209095300
03/03/26,179.83065795898438,180.67961330625172,176.70446619030554,178.27256086028186,178099400
04/03/26,182.8170166015625,184.47499807110998,179.84065106191534,180.22019302825058,177731200
05/03/26,183.11663818359375,183.83576224630102,177.6632984882966,180.94928366467312,198779700
06/03/26,177.6033935546875,182.53736302725528,176.6046117177772,179.62092189230134,189021900
09/03/26,182.4274902,182.68718325690133,175.34613090826778,176.61458806542097,177213600
10/03/26,184.54490661621094,186.21287029543888,181.78825925636124,182.17778352587916,179118500
11/03/26,185.8134307861328,187.40157611978597,184.23526832414757,185.6935753620157,145280400
12/03/26,182.9268035888672,184.72471123223085,181.53842231669145,183.83574790315467,155762700
13/03/26,180.0401611328125,185.87335881208497,179.73052445930352,184.70472270189353,160988400
16/03/26,183.0067138671875,188.66012868968363,181.19882333613754,182.7570048934839,217307400
17/03/26,181.71820068359375,185.1841623368753,181.4684917186082,184.8445618023411,182497800
18/03/26,180.1899871826172,183.16652908726184,180.12007659614625,182.26756764801692,156683100
19/03/26,178.3521270751953,179.77047215436778,175.5853475010711,177.80276430906588,170968500
20/03/26,172.4989471435547,178.05247199547227,171.52009228430225,177.79278016290237,241323500
23/03/26,175.43553161621094,178.16234927411983,174.55655117338722,177.0536408486584,182836300
24/03/26,174.99603271484375,176.01484951930743,173.7774518,174.6264683383626,147667800
25/03/26,178.47198486328125,181.00903649280792,176.64412864426953,176.89383761026875,162602100
26/03/26,171.04066467285156,176.30451888215924,170.9407749866337,175.86504388946904,186152200
27/03/26,167.32498168945312,170.77096223786808,166.81556566439232,169.80209026823204,196212700
30/03/26,164.97772216796875,169.25273855906806,164.07877596313077,168.58352034150624,185627000
31/03/26,174.1969757080078,174.41672082635512,166.7656493784466,166.77563225072552,226181300
01/04/26,175.5454102,177.16351944386196,174.54657425208924,175.79511913229018,168132000
02/04/26,177.18348693847656,177.28337661769746,171.170491,171.97954556798163,143143200
06/04/26,177.43319702148438,177.58301630024127,175.55538077559635,176.9537601,107564300
07/04/26,177.89266967773438,178.0225079733855,173.4578360976707,175.52541836668527,132534900
08/04/26,181.8680419921875,185.0443328296099,180.09011531444295,184.28522303450282,147732700
09/04/26,183.69590759277344,183.86570786090292,180.40972906189933,181.6283100364998,116428500
10/04/26,188.41041564941406,189.77881591864653,184.08545448929232,184.09543736125556,160459500
13/04/26,189.08961486816406,189.43921351677633,185.52377876103736,185.81343445538195,133648200
14/04/26,196.28123474121094,196.28123474121094,190.54792650193752,190.61783708872017,161307000
15/04/26,198.63848876953125,200.1667065,195.5121427945441,196.31119931453722,185338400
16/04/26,198.1190948486328,199.6173486077875,195.58204328148997,197.20015246424893,134012900
17/04/26,201.44520568847656,201.46518667284232,199.03802288778024,199.66727910555997,160324400
20/04/26,201.82476806640625,201.9346406188145,197.6096795882359,199.7471876833392,119381400
21/04/26,199.64732360839844,202.51397775047528,198.76834314349978,201.89470437258373,107945300
22/04/26,202.26426696777344,202.26426696777344,198.76834136586132,200.75603026628932,107501000
23/04/26,199.4075927734375,203.59271751351986,196.99041179336916,202.22431724671497,113561800
24/04/26,208.0275421142578,210.70441481695215,199.57738430538978,199.72721882416832,214134400
27/04/26,216.3578338623047,216.5775789683675,207.13858324348888,209.4059296471886,187172400
28/04/26,212.92184448242188,214.4800260296235,207.95762889823203,209.24613572912838,180275400
29/04/26,209.00640869140625,212.47237042757808,207.33835459433345,212.4523894424142,123711800
30/04/26,199.33767700195312,210.05518135667162,198.46867945247158,209.68560172993963,225239200
01/05/26,198.21897888183594,202.76368521944246,196.89052532216473,201.0456862731779,128647000
04/05/26,198.24893188476562,201.49514834231712,194.51329562325486,199.26774870200734,125368100
05/05/26,196.2712402,200.00689171848026,195.80178617585554,199.06798360144137,113406600
06/05/26,207.5880584716797,208.0275486883452,198.37879062945476,199.65729931010404,188362800
07/05/26,211.2537841796875,213.95063795079753,206.25960488465944,208.0974592073836,168307900
08/05/26,214.94947814941406,217.5464575316693,212.6421697,212.7820061205359,136421400
11/05/26,219.18453979492188,222.04121091513153,213.64099781886503,213.79081709888328,160685800
12/05/26,220.52297973632812,223.48952345691538,214.6698009927987,218.29558003818886,159176600
13/05/26,225.56710815429688,227.57476278227756,221.3120728008497,224.6681467194947,150405400
14/05/26,235.4655762,236.26463268418732,229.03307065698914,229.58243343997336,180782900
15/05/26,225.05770874023438,231.23050718880455,223.97896415639156,229.49252726355346,180977600
18/05/26,222.0612030029297,229.7322553439391,218.1157890335498,229.60240180074675,146280900
19/05/26,220.35317993164062,224.21866983705235,217.6563261548179,219.36432694236115,140948200
20/05/26,223.20985412597656,225.8667612103758,220.2433103590018,222.9201831873553,184201600
21/05/26,219.25445556640625,227.13526994336974,217.6762930684293,222.03121805596584,203381800
22/05/26,215.07933044433594,220.75271088945502,214.54994865072538,220.64283833374193,169275700
26/05/26,214.60987854003906,217.92600574795006,211.75320730356688,216.28791550863897,187202600
27/05/26,212.35250854492188,213.90069192498567,208.5369483,213.87072806866348,167601200
28/05/26,214.00057983398438,215.2691056248748,210.97410844231206,211.03403615445995,143996000
29/05/26,210.8942108154297,217.6063892667686,210.88422794322287,214.33020874183248,289410600
01/06/26,224.09881591796875,224.60821672379726,215.44889364463796,215.47885750139108,212850700
02/06/26,222.56060791015625,232.00958636747916,221.09231801448135,226.91551751623658,193362900
03/06/26,214.5,222.56061267075634,214.2602739078757,221.46188713313538,160907000
04/06/26,218.66000366210938,221.60000610351562,210.97000122070312,213.91000366210938,169022200
05/06/26,205.10000610351562,214.8699951171875,204.3300018310547,214.52999877929688,219655500
08/06/26,208.63999938964844,210.47000122070312,206,210.17999267578125,138372800
09/06/26,208.19000244140625,211.39999389648438,199.33999633789062,210.6199951171875,180962500
10/06/26,200.4199981689453,207.22000122070312,199.9199981689453,204.42999267578125,161746600
11/06/26,204.8699951171875,205.66000366210938,199.5399932861328,201.49000549316406,158643200
12/06/26,205.19000244140625,207.07000732421875,203.44000244140625,204.86000061035156,112001800
15/06/26,212.4499969482422,212.7100067138672,208.33999633789062,208.9199981689453,149936700
16/06/26,207.41000366210938,211.49000549316406,207.2899932861328,211.17999267578125,125694100
17/06/26,204.64999389648438,209.2100067138672,203.0800018310547,208.52999877929688,128363500
18/06/26,210.69000244140625,211.38999938964844,206.5,207.3300018310547,241272000